epoch,time,train/box_loss,train/seg_loss,train/cls_loss,train/dfl_loss,train/sem_loss,metrics/precision(B),metrics/recall(B),metrics/mAP50(B),metrics/mAP50-95(B),metrics/precision(M),metrics/recall(M),metrics/mAP50(M),metrics/mAP50-95(M),val/box_loss,val/seg_loss,val/cls_loss,val/dfl_loss,val/sem_loss,lr/pg0,lr/pg1,lr/pg2
1,41.9806,1.97329,3.91794,3.08535,1.54876,0,0.001,0.08654,0.00061,0.00014,0,0,0,0,3.84218,38.3117,4.76094,2.84414,0,0.00013,0.00013,0.08713
2,85.5939,1.819,2.91283,2.49287,1.3426,0,0.00289,0.25,0.01377,0.00342,0,0,0,0,2.74022,24.3924,3.80884,2.16109,0,0.000267327,0.000267327,0.0732673
3,129.22,1.6834,2.55658,2.10209,1.30888,0,0.00995,0.31731,0.06861,0.0188,0.0006,0.01923,0.00031,3e-05,2.19134,17.3196,3.65541,1.76924,0,0.000401882,0.000401882,0.0594019
4,172.713,1.62365,2.3584,1.98729,1.26181,0,0.01634,0.60577,0.13362,0.0583,0.00545,0.20192,0.00469,0.0011,1.90729,6.76069,3.22992,1.4177,0,0.000533665,0.000533665,0.0455337
5,216.752,1.60169,2.41344,1.7156,1.23537,0,0.33953,0.19231,0.15166,0.06155,0.12893,0.07692,0.02776,0.00621,1.80858,5.01122,2.7916,1.3615,0,0.000662676,0.000662676,0.0316627
6,260.018,1.6551,2.38026,1.71097,1.2178,0,0.46078,0.25,0.22606,0.09707,0.07934,0.10577,0.05687,0.01627,1.73822,3.63061,2.30598,1.26947,0,0.000788915,0.000788915,0.0177889
7,304.426,1.54332,2.48268,1.62677,1.18252,0,0.31187,0.25,0.24988,0.11406,0.0818,0.11538,0.06176,0.01646,1.61887,3.55276,2.20886,1.22188,0,0.000912382,0.000912382,0.00391238
8,343.249,1.51444,2.15358,1.62,1.22017,0,0.41803,0.31731,0.28411,0.14701,0.30241,0.16346,0.13682,0.03273,1.51716,2.89026,2.11857,1.17606,0,0.0009307,0.0009307,0.0009307
9,387.094,1.47371,2.30754,1.61459,1.18732,0,0.42818,0.34615,0.27847,0.13664,0.22788,0.26923,0.14755,0.04406,1.55589,2.57749,2.03909,1.2154,0,0.0009208,0.0009208,0.0009208
10,430.84,1.46603,2.1171,1.60361,1.18336,0,0.45908,0.48148,0.40849,0.20574,0.31822,0.39423,0.23654,0.07339,1.47472,2.57972,1.85354,1.22428,0,0.0009109,0.0009109,0.0009109
11,474.11,1.57711,2.20699,1.54965,1.24811,0,0.51051,0.61538,0.48975,0.24382,0.42496,0.51923,0.33438,0.11635,1.48061,2.52171,1.76709,1.19858,0,0.000901,0.000901,0.000901
12,511.396,1.48784,2.06039,1.57163,1.15738,0,0.49875,0.708,0.56851,0.31164,0.40936,0.625,0.43499,0.17461,1.46737,2.34388,1.65709,1.18739,0,0.0008911,0.0008911,0.0008911
13,547.764,1.45869,2.07693,1.48992,1.16975,0,0.33625,0.59427,0.35422,0.18692,0.3036,0.53658,0.30359,0.11219,1.54695,2.37222,1.92505,1.27135,0,0.0008812,0.0008812,0.0008812
14,584.095,1.35206,2.01159,1.49122,1.15195,0,0.38505,0.59005,0.39131,0.20561,0.29791,0.63462,0.29514,0.10386,1.46574,2.30051,1.82046,1.23993,0,0.0008713,0.0008713,0.0008713
15,620.608,1.31142,1.90295,1.47985,1.1475,0,0.41384,0.71154,0.42791,0.24456,0.38759,0.67308,0.36346,0.13122,1.45711,2.23853,1.7453,1.22693,0,0.0008614,0.0008614,0.0008614
16,661.71,1.42795,1.88839,1.41048,1.16001,0,0.51481,0.73458,0.54793,0.32062,0.45824,0.65385,0.48104,0.20325,1.43767,2.19136,1.58418,1.22871,0,0.0008515,0.0008515,0.0008515
17,705.624,1.43163,2.00137,1.45766,1.14852,0,0.50778,0.75962,0.55107,0.29495,0.43735,0.68269,0.43504,0.18247,1.47321,2.33406,1.74567,1.2268,0,0.0008416,0.0008416,0.0008416
18,750.29,1.32867,1.7824,1.4018,1.1353,0,0.53669,0.59615,0.52832,0.307,0.48755,0.54889,0.46698,0.21096,1.47308,2.1772,1.63388,1.21274,0,0.0008317,0.0008317,0.0008317
19,787.127,1.35783,1.92619,1.42998,1.12978,0,0.54895,0.75,0.58611,0.3505,0.49255,0.64423,0.49148,0.25285,1.50944,2.11871,1.57503,1.21846,0,0.0008218,0.0008218,0.0008218
20,823.612,1.35215,1.76267,1.43703,1.12993,0,0.53291,0.67308,0.61356,0.38551,0.49484,0.625,0.55027,0.28315,1.47164,1.93549,1.60988,1.20625,0,0.0008119,0.0008119,0.0008119
21,861.881,1.27005,1.77649,1.32957,1.09658,0,0.58418,0.625,0.65083,0.39635,0.55566,0.56731,0.57771,0.28427,1.43433,1.93768,1.57031,1.22022,0,0.000802,0.000802,0.000802
22,904.709,1.36448,1.79549,1.37339,1.12446,0,0.53527,0.74204,0.59497,0.30776,0.50297,0.70059,0.50053,0.21218,1.49145,2.09021,1.66317,1.23062,0,0.0007921,0.0007921,0.0007921
23,947.561,1.26822,1.59357,1.3244,1.09898,0,0.47583,0.66346,0.4823,0.26054,0.43029,0.63183,0.43456,0.17299,1.58373,2.11157,1.7035,1.29216,0,0.0007822,0.0007822,0.0007822
24,991.239,1.34806,1.70975,1.4387,1.1517,0,0.5134,0.63914,0.51457,0.2832,0.46627,0.58654,0.45645,0.18581,1.52831,2.08348,1.63051,1.2968,0,0.0007723,0.0007723,0.0007723
25,1035.48,1.3446,2.001,1.28298,1.09083,0,0.53341,0.625,0.55149,0.33175,0.46178,0.62698,0.49345,0.20305,1.43588,2.15659,1.60149,1.22548,0,0.0007624,0.0007624,0.0007624
26,1079.3,1.32011,1.66548,1.2987,1.11078,0,0.52418,0.66346,0.56753,0.3149,0.43812,0.67308,0.48017,0.21295,1.5327,2.16761,1.52647,1.32574,0,0.0007525,0.0007525,0.0007525
27,1123.96,1.3455,1.74383,1.29289,1.12659,0,0.52692,0.67472,0.55392,0.32201,0.46877,0.68269,0.47397,0.21685,1.52194,2.16128,1.52114,1.32432,0,0.0007426,0.0007426,0.0007426
28,1168.23,1.24967,1.60109,1.20952,1.12346,0,0.53361,0.65385,0.51569,0.29697,0.44961,0.625,0.46104,0.21843,1.41471,2.07745,1.57455,1.25334,0,0.0007327,0.0007327,0.0007327
29,1207.23,1.20261,1.57136,1.21775,1.09686,0,0.53973,0.6427,0.52794,0.29973,0.39158,0.56731,0.39658,0.19018,1.35846,2.13771,1.54232,1.22113,0,0.0007228,0.0007228,0.0007228
30,1243.48,1.19919,1.65127,1.2808,1.07514,0,0.55416,0.70192,0.56698,0.3223,0.4803,0.625,0.47764,0.21849,1.34743,2.12618,1.46477,1.20117,0,0.0007129,0.0007129,0.0007129
31,1282.46,1.1299,1.5039,1.4354,1.01043,0,0.58912,0.75827,0.61622,0.35715,0.50365,0.70192,0.53276,0.25384,1.30759,2.03404,1.42258,1.19102,0,0.000703,0.000703,0.000703
32,1317.47,1.25189,1.69431,1.43989,1.14199,0,0.61743,0.67308,0.6506,0.39713,0.59979,0.65385,0.61357,0.29228,1.318,1.96394,1.43643,1.15285,0,0.0006931,0.0006931,0.0006931
33,1351.63,1.2524,1.72609,1.18796,1.10328,0,0.60611,0.74038,0.65342,0.39721,0.57892,0.63462,0.57932,0.28735,1.35068,1.89636,1.456,1.14188,0,0.0006832,0.0006832,0.0006832
34,1386.53,1.25997,1.67404,1.25547,1.09249,0,0.70801,0.67308,0.66587,0.41996,0.62603,0.63462,0.59934,0.29354,1.32886,1.78655,1.43835,1.13038,0,0.0006733,0.0006733,0.0006733
35,1420.34,1.26038,1.68521,1.27449,1.10975,0,0.58608,0.69231,0.66793,0.43905,0.73707,0.50962,0.60599,0.30623,1.29618,1.77304,1.43551,1.12183,0,0.0006634,0.0006634,0.0006634
36,1453.8,1.18683,1.61981,1.21461,1.07116,0,0.70781,0.70192,0.6972,0.45752,0.63035,0.68868,0.64976,0.3299,1.27776,1.71215,1.32366,1.13867,0,0.0006535,0.0006535,0.0006535
37,1487.5,1.20035,1.63503,1.17887,1.06282,0,0.65946,0.68269,0.64004,0.39914,0.61311,0.63999,0.56347,0.29071,1.31182,1.68013,1.36805,1.15682,0,0.0006436,0.0006436,0.0006436
38,1521.38,1.24146,1.61639,1.2862,1.07418,0,0.61043,0.75962,0.66904,0.42934,0.6027,0.75,0.61332,0.31694,1.28125,1.78155,1.34888,1.15531,0,0.0006337,0.0006337,0.0006337
39,1555.1,1.0583,1.47436,1.38765,0.99186,0,0.62097,0.74038,0.66196,0.42236,0.58464,0.73077,0.60351,0.30999,1.29913,1.79581,1.36857,1.15483,0,0.0006238,0.0006238,0.0006238
40,1588.78,1.19148,1.53594,1.361,1.04962,0,0.61545,0.73077,0.68041,0.44053,0.6092,0.71154,0.65273,0.33484,1.29958,1.75464,1.32969,1.15229,0,0.0006139,0.0006139,0.0006139
41,1621.84,1.1831,1.5481,1.20983,1.07238,0,0.69472,0.70192,0.70476,0.4588,0.67593,0.70193,0.69086,0.37185,1.29105,1.66952,1.31213,1.15664,0,0.000604,0.000604,0.000604
42,1655.41,1.11656,1.43617,1.16399,1.04534,0,0.70211,0.72522,0.68113,0.4559,0.65936,0.72115,0.65061,0.34306,1.22086,1.63097,1.26137,1.11729,0,0.0005941,0.0005941,0.0005941
43,1688.62,1.05608,1.3657,1.15215,1.02355,0,0.66775,0.73077,0.66815,0.46188,0.65093,0.75309,0.64188,0.35233,1.20743,1.58666,1.24064,1.11414,0,0.0005842,0.0005842,0.0005842
44,1722,1.12589,1.52047,1.14767,1.05886,0,0.66461,0.74311,0.6663,0.45492,0.63497,0.75268,0.65913,0.36886,1.20455,1.59869,1.25173,1.104,0,0.0005743,0.0005743,0.0005743
45,1755.13,1.19,1.62211,1.1589,1.09132,0,0.6992,0.71525,0.67493,0.45143,0.68619,0.70192,0.67152,0.38307,1.21313,1.6102,1.22935,1.09423,0,0.0005644,0.0005644,0.0005644
46,1788.33,1.14987,1.42508,1.15167,1.03715,0,0.6569,0.77885,0.66213,0.43747,0.66501,0.78846,0.67955,0.38391,1.19698,1.56581,1.22956,1.11994,0,0.0005545,0.0005545,0.0005545
47,1822.09,1.14371,1.4689,1.11528,1.05622,0,0.67108,0.7455,0.67283,0.44276,0.68878,0.76612,0.70093,0.37209,1.22167,1.55862,1.24992,1.13296,0,0.0005446,0.0005446,0.0005446
48,1855.73,1.08639,1.44091,1.13198,1.04759,0,0.63827,0.75,0.67187,0.44365,0.63827,0.75,0.68265,0.3552,1.17492,1.62452,1.25371,1.11085,0,0.0005347,0.0005347,0.0005347
49,1889.43,1.11707,1.45246,1.13562,1.05852,0,0.65597,0.78836,0.70226,0.46669,0.64027,0.77885,0.70217,0.38151,1.1607,1.68968,1.31394,1.11164,0,0.0005248,0.0005248,0.0005248
50,1922.79,1.10127,1.3811,1.19642,1.07962,0,0.63474,0.67308,0.68512,0.47335,0.60685,0.63823,0.66356,0.35926,1.16345,1.59016,1.36188,1.11924,0,0.0005149,0.0005149,0.0005149
51,1956.44,1.0664,1.36054,1.13679,1.05342,0,0.62491,0.69231,0.68457,0.46573,0.59446,0.64423,0.65986,0.35118,1.18967,1.57887,1.3196,1.1214,0,0.000505,0.000505,0.000505
52,1989.68,1.05976,1.30873,1.1148,1.04262,0,0.61456,0.70192,0.67894,0.46331,0.59273,0.60176,0.63673,0.36129,1.15786,1.50009,1.28141,1.11048,0,0.0004951,0.0004951,0.0004951
53,2022.81,1.07316,1.38609,1.11016,1.03422,0,0.65432,0.68269,0.69373,0.47875,0.63589,0.66346,0.66902,0.37856,1.1859,1.59853,1.25936,1.09627,0,0.0004852,0.0004852,0.0004852
54,2056.24,1.08501,1.4409,1.06178,1.02533,0,0.65922,0.78122,0.75561,0.48208,0.63862,0.64571,0.67884,0.3853,1.21354,1.50276,1.23564,1.08594,0,0.0004753,0.0004753,0.0004753
55,2089.9,1.16887,1.42846,1.1424,1.06853,0,0.69627,0.75,0.73813,0.47403,0.65697,0.68269,0.69436,0.37624,1.18825,1.50692,1.24651,1.09064,0,0.0004654,0.0004654,0.0004654
56,2123.22,1.10821,1.48615,1.07899,1.03644,0,0.69347,0.72115,0.72749,0.46983,0.63629,0.68269,0.68997,0.38285,1.18371,1.48562,1.25266,1.08643,0,0.0004555,0.0004555,0.0004555
57,2156.76,1.05831,1.32246,1.0316,1.01862,0,0.74367,0.73077,0.7361,0.47023,0.6172,0.75967,0.69713,0.3988,1.21557,1.497,1.22508,1.07986,0,0.0004456,0.0004456,0.0004456
58,2190.44,1.06097,1.30062,1.05178,1.01199,0,0.73062,0.7563,0.75482,0.49364,0.64561,0.72115,0.71351,0.39134,1.21474,1.51958,1.19373,1.08104,0,0.0004357,0.0004357,0.0004357
59,2224.12,1.07195,1.46472,1.03577,1.02832,0,0.72633,0.76561,0.75426,0.50691,0.69291,0.716,0.72857,0.39702,1.17807,1.50988,1.16237,1.05884,0,0.0004258,0.0004258,0.0004258
60,2257.5,1.05585,1.37566,1.12443,1.01101,0,0.73264,0.80769,0.78663,0.55601,0.7242,0.73222,0.74619,0.44113,1.12218,1.53181,1.133,1.06244,0,0.0004159,0.0004159,0.0004159
61,2290.89,1.0402,1.45397,1.02627,0.99562,0,0.70303,0.81949,0.75715,0.54569,0.66285,0.73727,0.7232,0.42339,1.10313,1.54248,1.13906,1.09204,0,0.000406,0.000406,0.000406
62,2324.51,1.0882,1.43481,1.05998,1.016,0,0.69902,0.79808,0.74967,0.5372,0.65591,0.75151,0.70482,0.39753,1.04133,1.59257,1.15476,1.08409,0,0.0003961,0.0003961,0.0003961
63,2358.09,1.03278,1.28161,1.03936,1.00811,0,0.73678,0.77885,0.74822,0.52585,0.69373,0.73077,0.70437,0.40462,1.03259,1.56752,1.16816,1.07302,0,0.0003862,0.0003862,0.0003862
64,2391.76,1.01379,1.3986,1.01208,1.00932,0,0.72896,0.80769,0.75729,0.50942,0.69288,0.75926,0.69479,0.4071,1.07696,1.54287,1.1771,1.07873,0,0.0003763,0.0003763,0.0003763
65,2424.92,0.97805,1.24488,1.27986,0.94078,0,0.74591,0.79037,0.76633,0.53093,0.70447,0.7564,0.7211,0.41816,1.11038,1.48196,1.16921,1.09511,0,0.0003664,0.0003664,0.0003664
66,2458.62,1.0793,1.38217,1.00442,1.0218,0,0.71349,0.74229,0.75559,0.5204,0.70508,0.71154,0.74119,0.41783,1.1314,1.48235,1.16157,1.12218,0,0.0003565,0.0003565,0.0003565
67,2492,1.03477,1.34633,1.00073,1.02477,0,0.71791,0.78308,0.74228,0.5112,0.70134,0.76772,0.72826,0.40896,1.13547,1.47214,1.17014,1.132,0,0.0003466,0.0003466,0.0003466
68,2525.32,0.98253,1.29684,0.96396,1.00587,0,0.65276,0.75919,0.72556,0.498,0.63392,0.74927,0.70155,0.41511,1.08284,1.5169,1.20578,1.12449,0,0.0003367,0.0003367,0.0003367
69,2558.62,1.03193,1.2541,1.04628,1.04634,0,0.68368,0.74818,0.72013,0.49777,0.62132,0.76923,0.69047,0.41836,1.05777,1.56528,1.20012,1.10556,0,0.0003268,0.0003268,0.0003268
70,2592.17,1.05347,1.31411,1.02309,1.02801,0,0.66676,0.80769,0.7387,0.51054,0.60635,0.76923,0.70678,0.42876,1.10013,1.52624,1.16702,1.10681,0,0.0003169,0.0003169,0.0003169
71,2625.24,1.03698,1.28056,1.03155,1.03061,0,0.69477,0.80769,0.75507,0.53555,0.70245,0.72642,0.72922,0.43785,1.10055,1.51945,1.13007,1.10774,0,0.000307,0.000307,0.000307
72,2658.57,0.96549,1.19915,0.95312,0.97911,0,0.74197,0.80769,0.78081,0.54801,0.70429,0.76923,0.75464,0.43993,1.12426,1.56542,1.0885,1.10904,0,0.0002971,0.0002971,0.0002971
73,2692.02,1.02182,1.3597,0.98492,1.01168,0,0.74332,0.77966,0.78024,0.54427,0.71136,0.73077,0.74638,0.4032,1.18223,1.64285,1.12944,1.08196,0,0.0002872,0.0002872,0.0002872
74,2725.52,1.07361,1.36079,0.9874,1.04098,0,0.73739,0.76923,0.74619,0.51606,0.72394,0.69231,0.69233,0.37198,1.26842,1.6357,1.14456,1.06635,0,0.0002773,0.0002773,0.0002773
75,2758.53,0.99131,1.25509,1.02189,1.02609,0,0.73298,0.77885,0.74661,0.51442,0.73757,0.70192,0.71308,0.3806,1.24585,1.64912,1.15544,1.0677,0,0.0002674,0.0002674,0.0002674
76,2791.84,1.00682,1.30618,0.95175,1.02832,0,0.74863,0.75962,0.74838,0.53627,0.73762,0.74038,0.72015,0.39805,1.19378,1.53777,1.123,1.08075,0,0.0002575,0.0002575,0.0002575
77,2825.03,1.02039,1.35308,0.98653,1.00371,0,0.67869,0.83272,0.75042,0.54835,0.64572,0.79808,0.70197,0.4054,1.10557,1.53306,1.10334,1.08421,0,0.0002476,0.0002476,0.0002476
78,2858.37,0.92662,1.30558,0.94973,0.97226,0,0.66013,0.80308,0.7379,0.53272,0.63035,0.75962,0.67685,0.38955,1.05115,1.55779,1.12397,1.07846,0,0.0002377,0.0002377,0.0002377
79,2891.51,0.9499,1.19965,0.93743,1.01083,0,0.67195,0.8075,0.7402,0.53115,0.63971,0.76829,0.68214,0.39956,1.03979,1.56533,1.12857,1.07624,0,0.0002278,0.0002278,0.0002278
80,2924.64,0.92992,1.24881,1.06408,0.98569,0,0.66134,0.80769,0.73394,0.53224,0.66719,0.71323,0.67521,0.39901,1.04081,1.56993,1.1384,1.07704,0,0.0002179,0.0002179,0.0002179
